{"home": "Roma", "away": "Parma", "xg_home": 0.7138914393312042, "xg_away": 0.13236961046247575, "markets": {"1X2": {}, "OU": {"Under1.5": 0.7920835201187664, "Under2.5": 0.9457066394084429}, "BTTS": {"No": 0.9367364669640932}}, "corners_cards": {"TotalCorners": 4.0, "HomeCorners": 3.374332019677627, "AwayCorners": 1.0, "EstimatedCards": 3.177008839834944}, "picks": [{"market": "BTTS", "selection": "No", "prob": 0.9367364669640932, "odds": 1.07}, {"market": "Over/Under 2.5", "selection": "Under2.5", "prob": 0.9457066394084429, "odds": 1.06}], "score_matrix": {"0": {"0": 0.4290203274381387, "1": 0.30627393905715744, "2": 0.1093231715915758, "3": 0.026014958773254094, "4": 0.004642964090695077, "5": 0.0006629144634938807, "6": 7.887482674951992e-05}, "1": {"0": 0.056789253623470225, "1": 0.04054136200780396, "2": 0.014471065638099283, "3": 0.0034435899590130104, "4": 0.0006145873480765702, "5": 8.774972930262609e-05, "6": 1.0440630092129216e-05}, "2": {"0": 0.003758585690296746, "1": 0.002683222148295612, "2": 0.0009577646607460601, "3": 0.0002279133307335225, "4": 4.06763439300308e-05, "5": 5.807698742988155e-06, "6": 6.910110691389733e-07}, "3": {"0": 0.0001658408412381386, "1": 0.00011839235685139253, "2": 4.225964501922707e-05, "3": 1.0056266269467258e-05, "4": 1.7947706003519556e-06, "5": 2.5625427343091734e-07, "6": 3.0489622015728266e-08}, "4": {"0": 5.488071888365423e-06, "1": 3.917887539538312e-06, "2": 1.398473187369398e-06, "3": 3.3278601219907883e-07, "4": 5.939327130952302e-08, "5": 8.480069588348821e-09, "6": 1.0089748473425187e-09}, "5": {"0": 1.4529078761059894e-07, "1": 1.0372184948889479e-07, "2": 3.702307021086081e-08, "3": 8.810150960430552e-09, "4": 1.5723728374667398e-09, "5": 2.2450070162088408e-10, "6": 2.6711521501833026e-11}, "6": {"0": 3.2053474933002137e-09, "1": 2.2882701355487573e-09, "2": 8.167882303227561e-10, "3": 1.9436604179129982e-10, "4": 3.468906333287501e-11, "5": 4.952845070351487e-12, "6": 5.892989493429472e-13}}}