{"home": "Benfica", "away": "Nacional", "xg_home": 2.318924669176772, "xg_away": 0.6816493328345983, "markets": {"1X2": {"Home": 0.739611225282304, "Draw": 0.16715919345013697, "Away": 0.093229581267559}, "OU": {"Under1.5": 0.20102565940134187, "Over1.5": 0.7989743405986581, "Under2.5": 0.42723361540124283, "Over2.5": 0.572766384598757}, "BTTS": {"Yes": 0.44511454674966855, "No": 0.5548854532503313}}, "corners_cards": {"TotalCorners": 10.502009007039797, "HomeCorners": 8.116236342118704, "AwayCorners": 2.385772664921094, "EstimatedCards": 4.900459201609097}, "picks": [{"market": "1X2", "selection": "Home", "prob": 0.739611225282304, "odds": 1.35}], "score_matrix": {"0": {"0": 0.0502492040642848, "1": 0.11652411891116775, "2": 0.13510532694859725, "3": 0.10443302519943183, "4": 0.06054307960293051, "5": 0.028078968167833722, "6": 0.010852168661569822}, "1": {"0": 0.03425233642588932, "1": 0.0794285879149369, "2": 0.0920944559769116, "3": 0.07118670195309151, "4": 0.041269149819089565, "5": 0.01914000991828778, "6": 0.007397373527967605}, "2": {"0": 0.01167404113636683, "1": 0.027071221980105482, "2": 0.031388062237213535, "3": 0.02426218394651011, "4": 0.014065544220416738, "5": 0.006523387495624229, "6": 0.002521207365033718}, "3": {"0": 0.002652534117362702, "1": 0.006151026800585405, "2": 0.0071318838943224844, "3": 0.005512767166749639, "4": 0.00319592294460087, "5": 0.0014822209114046055, "6": 0.0005728597727709698}, "4": {"0": 0.00045202452785532394, "1": 0.001048210828716694, "2": 0.0012153609746046847, "3": 0.0009394435153218425, "4": 0.000544624685744492, "5": 0.0002525887238431099, "6": 9.762237047927778e-05}, "5": {"0": 6.162444356749119e-05, "1": 0.00014290244241294716, "2": 0.0001656899994984981, "3": 0.00012807420909098475, "4": 7.424861073659716e-05, "5": 3.4435387017839696e-05, "6": 1.330884474138634e-05}, "6": {"0": 7.001043474013952e-06, "1": 1.6234892421870005e-05, "2": 1.8823746269252692e-05, "3": 1.4550283196698098e-05, "4": 8.435252662082872e-06, "5": 3.912143097768602e-06, "6": 1.5119941897942082e-06}}}