{"home": "Cagliari", "away": "Sassuolo", "xg_home": 1.2232563827150293, "xg_away": 0.8506981740064447, "markets": {"1X2": {}, "OU": {"Over1.5": 0.6135209359233991, "Under2.5": 0.6568730367172442}, "BTTS": {}}, "corners_cards": {"TotalCorners": 7.258840948525158, "HomeCorners": 4.281397339502602, "AwayCorners": 2.977443609022556, "EstimatedCards": 4.159163645377179}, "picks": [], "score_matrix": {"0": {"0": 0.12572699333876958, "1": 0.15379634708121986, "2": 0.09406618160267909, "3": 0.03835568568103609, "4": 0.011729709330684712, "5": 0.002869688361230422, "6": 0.000585060767379691}, "1": {"0": 0.10695572365661171, "1": 0.13083427163085515, "2": 0.08002192892515772, "3": 0.03262911177162254, "4": 0.009978442309239841, "5": 0.0024412386488662664, "6": 0.0004977101264927124}, "2": {"0": 0.04549351940710874, "1": 0.05565023798691582, "2": 0.034037254408552584, "3": 0.01387876290178574, "4": 0.004244321325949491, "5": 0.0010383786304522464, "6": 0.00021170054789593348}, "3": {"0": 0.012900417962918053, "1": 0.015780518612831126, "2": 0.009651810057849498, "3": 0.003935546086005839, "4": 0.0012035454672939482, "5": 0.000294448934951013, "6": 6.0031089843744845e-05}, "4": {"0": 0.002743590501243581, "1": 0.003356114592202537, "2": 0.002052694298017401, "3": 0.000836990467270844, "4": 0.00025596348284017366, "5": 6.262179282524227e-05, "6": 1.2767084628422639e-05}, "5": {"0": 0.00046679348592586824, "1": 0.0005710081110686166, "2": 0.0003492446582233688, "3": 0.0001424052524336216, "4": 4.3549533492893145e-05, "5": 1.0654448961888698e-05, "6": 2.1721871161569776e-06}, "6": {"0": 6.618339435253985e-05, "1": 8.095925957149019e-05, "2": 4.9516965505354105e-05, "3": 2.019064803570145e-05, "4": 6.174584770206117e-06, "5": 1.5106200461539293e-06, "6": 3.0797926888584434e-07}}}