{"home": "Lorient", "away": "Paris SG", "xg_home": 0.8544047331443364, "xg_away": 3.3953506717613715, "markets": {"1X2": {"Away": 0.8364208696217549}, "OU": {"Over1.5": 0.9205240652891107, "Over2.5": 0.7838159017976174}, "BTTS": {}}, "corners_cards": {"TotalCorners": 14.874143917169977, "HomeCorners": 2.9904165660051776, "AwayCorners": 11.883727351164799, "EstimatedCards": 5.899804323924567}, "picks": [{"market": "1X2", "selection": "Away", "prob": 0.8364208696217549, "odds": 1.2}, {"market": "Over/Under 2.5", "selection": "Over2.5", "prob": 0.7838159017976174, "odds": 1.28}], "score_matrix": {"0": {"0": 0.015138978596340332, "1": 0.012934814967683981, "2": 0.005525783565367701, "3": 0.001573751877527117, "4": 0.00033615526323848866, "5": 5.7442529596469e-05, "6": 8.179861528501126e-06}, "1": {"0": 0.05140214114686517, "1": 0.04391823268963485, "2": 0.018761972940679168, "3": 0.005343439494547416, "4": 0.0011413649988529233, "5": 0.00019503753145304345, "6": 2.7773498335711296e-05}, "2": {"0": 0.08726414723649074, "1": 0.07455890043266196, "2": 0.03185173871385184, "3": 0.009071425438663907, "4": 0.0019376672077900947, "5": 0.00033111040671888537, "6": 4.715038311566033e-05}, "3": {"0": 0.09876412698003405, "1": 0.08438453755660934, "2": 0.03604927414628152, "3": 0.010266890152333565, "4": 0.0021930198852066936, "5": 0.00037474531396004953, "6": 5.336402832852113e-05}, "4": {"0": 0.08383471122189598, "1": 0.07162877406977654, "2": 0.030599981797271695, "3": 0.008714923093906493, "4": 0.0018615178851056479, "5": 0.00031809793837342, "6": 4.529739735828426e-05}, "5": {"0": 0.056929648612837024, "1": 0.04864096123105186, "2": 0.02077953375025044, "3": 0.005918043996248821, "4": 0.0012641012003378538, "5": 0.0002160108097484198, "6": 3.076010970989845e-05}, "6": {"0": 0.032216020110122506, "1": 0.027525520065161794, "2": 0.011758967312966823, "3": 0.003348972443029464, "4": 0.0007153444766235813, "5": 0.00012223874133116916, "6": 1.7406893194492868e-05}}}