{"home": "Le Havre", "away": "Brest", "xg_home": 1.9339158888752241, "xg_away": 3.2382224903225083, "markets": {"1X2": {"Away": 0.6202912041906703}, "OU": {"Over1.5": 0.9631232820168147, "Over2.5": 0.8832085433506436}, "BTTS": {"Yes": 0.8196760526623271}}, "corners_cards": {"TotalCorners": 18.102484327192062, "HomeCorners": 6.768705611063284, "AwayCorners": 11.333778716128778, "EstimatedCards": 6.0}, "picks": [{"market": "1X2", "selection": "Away", "prob": 0.6202912041906703, "odds": 1.61}, {"market": "BTTS", "selection": "Yes", "prob": 0.8196760526623271, "odds": 1.22}, {"market": "Over/Under 2.5", "selection": "Over2.5", "prob": 0.8832085433506436, "odds": 1.13}], "score_matrix": {"0": {"0": 0.005974706935844578, "1": 0.011554580674602834, "2": 0.01117279357795251, "3": 0.007202414341175144, "4": 0.0034822158831653467, "5": 0.001346862524989427, "6": 0.0004341198062012762}, "1": {"0": 0.01934743037273779, "1": 0.03741630300674472, "2": 0.03617999144385672, "3": 0.023323020104214724, "4": 0.011276189789024282, "5": 0.004361440519793324, "6": 0.0014057765199354214}, "2": {"0": 0.03132564208147415, "1": 0.060581156950581215, "2": 0.05857943099658636, "3": 0.03776256412185606, "4": 0.018257405689981725, "5": 0.0070616573906993165, "6": 0.002276108571611094}, "3": {"0": 0.0338131329040076, "1": 0.06539175497570995, "2": 0.06323107697448048, "3": 0.04076119481054672, "4": 0.01970718057341365, "5": 0.007622405927171563, "6": 0.0024568486556689625}, "4": {"0": 0.02737361185950536, "1": 0.052938262911000684, "2": 0.05118907388651909, "3": 0.03299845444198237, "4": 0.015954058838418727, "5": 0.006170761575933636, "6": 0.0019889556430264634}, "5": {"0": 0.017728369112961835, "1": 0.03428517471140166, "2": 0.03315232206362134, "3": 0.021371267463981995, "4": 0.010332558428499223, "5": 0.003996459783521253, "6": 0.0012881361791004318}, "6": {"0": 0.00956806726305532, "1": 0.018503837305849563, "2": 0.017892432485472294, "3": 0.011534153158094031, "4": 0.005576520514289596, "5": 0.0021569043254446576, "6": 0.0006952119242935201}}}