{"suggestions": [{"home": "AFC Wimbledon", "away": "Barnsley", "xg_home": 1.337539317246805, "xg_away": 1.3094318250907842, "markets": {"1X2": {}, "OU": {"Over1.5": 0.7413231966870074}, "BTTS": {}}, "corners_cards": {"TotalCorners": 9.264398998181562, "HomeCorners": 4.681387610363817, "AwayCorners": 4.583011387817745, "EstimatedCards": 4.617576913870072}, "picks": [], "score_matrix": {"0": {"0": 0.0709292158388699, "1": 0.09487061492597333, "2": 0.06344658875743545, "3": 0.028287435669419676, "4": 0.00945888934798463, "5": 0.002530327280083288, "6": 0.0005640687037689277}, "1": {"0": 0.09287697254814957, "1": 0.12422660245000225, "2": 0.08307898251243312, "3": 0.03704046851574636, "4": 0.012385770742263293, "5": 0.00331329106843646, "6": 0.0007386095122527398}, "2": {"0": 0.06080803183631507, "1": 0.08133313338546685, "2": 0.05439313184897032, "3": 0.02425098414539574, "4": 0.00810916119409893, "5": 0.002169264385399874, "6": 0.00048357940082925947}, "3": {"0": 0.026541324035868185, "1": 0.035500064429761356, "2": 0.023741365969800293, "3": 0.010585003476584406, "4": 0.0035394645807814416, "5": 0.0009468346077595319, "6": 0.0002110714191347217}, "4": {"0": 0.008688513593153193, "1": 0.011621228539275706, "2": 0.0077719250429959565, "3": 0.0034650851052340525, "4": 0.0011586718914642074, "5": 0.0003099538421244201, "6": 6.909590839552012e-05}, "5": {"0": 0.0022754032423217352, "1": 0.0030434412991961804, "2": 0.0020353611987037937, "3": 0.0009074585426883038, "4": 0.0003034403699042737, "5": 8.117268503737604e-05, "6": 1.8095276287330313e-05}, "6": {"0": 0.0004965809034018061, "1": 0.0006641964824938534, "2": 0.0004441944548562791, "3": 0.00019804251595776143, "4": 6.622241289499595e-05, "5": 1.771501618600178e-05, "6": 3.949088442406819e-06}}}, {"home": "Blackpool", "away": "Bolton", "xg_home": 1.5393998606116364, "xg_away": 1.467930286676034, "markets": {"1X2": {}, "OU": {"Over1.5": 0.8015687094392527}, "BTTS": {"Yes": 0.6041862472953032}}, "corners_cards": {"TotalCorners": 10.525655515506847, "HomeCorners": 5.387899512140726, "AwayCorners": 5.13775600336612, "EstimatedCards": 4.905864117830136}, "picks": [{"market": "BTTS", "selection": "Yes", "prob": 0.6041862472953032, "odds": 1.66}], "score_matrix": {"0": {"0": 0.04951708076636861, "1": 0.07622658722964297, "2": 0.058671598878106565, "3": 0.03010635037827303, "4": 0.011586427893959647, "5": 0.003567229096989652, "6": 0.0009152319957792739}, "1": {"0": 0.07268762256473581, "1": 0.11189531604434554, "2": 0.08612581696088026, "3": 0.04419402354154746, "4": 0.017008068419931383, "5": 0.00523644363098311, "6": 0.0013434967659393484}, "2": {"0": 0.05335018131462599, "1": 0.08212726167934077, "2": 0.06321334759079628, "3": 0.03243687282335558, "4": 0.012483329375737736, "5": 0.003843367100195964, "6": 0.000986079796386836}, "3": {"0": 0.026104782317132442, "1": 0.040185698260290795, "2": 0.030930929150236458, "3": 0.015871689340820803, "4": 0.006108219089732685, "5": 0.0018805983230639665, "6": 0.0004824987993985245}, "4": {"0": 0.009580000147600921, "1": 0.014747450891876316, "2": 0.011351111923665676, "3": 0.005824633371026009, "4": 0.0022416099498678305, "5": 0.0006901468088744392, "6": 0.00017706865023047957}, "5": {"0": 0.0028125544726048534, "1": 0.004329645963090547, "2": 0.00333252819603966, "3": 0.0017100311468226006, "4": 0.0006581054272650669, "5": 0.0002026174805999211, "6": 5.198488689883325e-05}, "6": {"0": 0.000688105648877134, "1": 0.0010592697399675398, "2": 0.0008153198450280774, "3": 0.0004183677519300412, "4": 0.00016100881475137723, "5": 4.9571389397102985e-05, "6": 1.2718364988037582e-05}}}, {"home": "Bradford", "away": "Burton", "xg_home": 1.4514098201937093, "xg_away": 1.0130755361817925, "markets": {"1X2": {}, "OU": {"Over1.5": 0.7050838706757848}, "BTTS": {}}, "corners_cards": {"TotalCorners": 8.625698747314257, "HomeCorners": 5.079934370677982, "AwayCorners": 3.5457643766362743, "EstimatedCards": 4.471588285100402}, "picks": [], "score_matrix": {"0": {"0": 0.08512552341475405, "1": 0.12355202063330357, "2": 0.08966230802597631, "3": 0.043378918123378414, "4": 0.015740146938412577, "5": 0.004569080767540792, "6": 0.0011052681158778192}, "1": {"0": 0.08623858527615769, "1": 0.1251675295494279, "2": 0.09083469077871299, "3": 0.04394612073682767, "4": 0.01594595779921252, "5": 0.004628823948434304, "6": 0.0011197200891175613}, "2": {"0": 0.04368310050910134, "1": 0.06340208105541852, "2": 0.04601120153227598, "3": 0.022260369914285736, "4": 0.008077229873684729, "5": 0.0023446741517256023, "6": 0.0005671805148281489}, "3": {"0": 0.014751426823446987, "1": 0.02141036575341986, "2": 0.015537607554226333, "3": 0.007517145395506687, "4": 0.0027276146617155827, "5": 0.0007917773411436678, "6": 0.00019153223472379735}, "4": {"0": 0.0037360774096525094, "1": 0.005422579441373528, "2": 0.003935192525995029, "3": 0.0019038590255273577, "4": 0.0006908199214787083, "5": 0.00020053256360392886, "6": 4.850915534722699e-05}, "5": {"0": 0.0007569857250000796, "1": 0.0010986965150115704, "2": 0.0007973294556501993, "3": 0.00038575060062013454, "4": 0.0001399705524714212, "5": 4.063092687899193e-05, "6": 9.82868771262357e-06}, "6": {"0": 0.00012781395320606974, "1": 0.00018551042684106887, "2": 0.000134625827632727, "3": 6.51324160926152e-05, "4": 2.3633457082441126e-05, "5": 6.8603663389163245e-06, "6": 1.6595338457382528e-06}}}, {"home": "Cardiff", "away": "Doncaster", "xg_home": 1.6238991000657739, "xg_away": 0.724073747220293, "markets": {"1X2": {}, "OU": {"Over1.5": 0.6795899764318156}, "BTTS": {}}, "corners_cards": {"TotalCorners": 8.217904965501235, "HomeCorners": 5.683646850230209, "AwayCorners": 2.5342581152710264, "EstimatedCards": 4.378378277828854}, "picks": [], "score_matrix": {"0": {"0": 0.09570269478974867, "1": 0.1554115199429423, "2": 0.12618631368759903, "3": 0.06830461374596983, "4": 0.027729950198105174, "5": 0.009006128234314346, "6": 0.0024375072557966705}, "1": {"0": 0.06929580883549334, "1": 0.11252940160628754, "2": 0.09136819699969517, "3": 0.049457577627479106, "4": 0.02007852895017412, "5": 0.006521101018566469, "6": 0.0017649350125813488}, "2": {"0": 0.025087637985088382, "1": 0.04073979274676094, "2": 0.033078656389165614, "3": 0.01790546678058367, "4": 0.007269167847811857, "5": 0.0023608790252577466, "6": 0.0006389715540800362}, "3": {"0": 0.006055100014923034, "1": 0.009832871465041769, "2": 0.007983795561571878, "3": 0.00432162614251523, "4": 0.0017544712009128012, "5": 0.0005698168408507231, "6": 0.00015422084250996863}, "4": {"0": 0.0010960847393997435, "1": 0.0017799310219070716, "2": 0.0014452141923270235, "3": 0.0007822940087740457, "4": 0.00031759163420875495, "5": 0.00010314735379600312, "6": 2.7916815833915915e-05}, "5": {"0": 0.00015872923690563013, "1": 0.0002577602649651798, "2": 0.00020928833115483543, "3": 0.00011328771087220163, "4": 4.5991952933469954e-05, "5": 1.493725819578586e-05, "6": 4.042766690264461e-06}, "6": {"0": 1.915527889327954e-05, "1": 3.110624015630556e-05, "2": 2.5256697698127218e-05, "3": 1.3671442887540696e-05, "4": 5.5502609504194906e-06, "5": 1.8026127525032837e-06, "6": 4.878768710928617e-07}}}, {"home": "Exeter", "away": "Huddersfield", "xg_home": 1.1184821554266127, "xg_away": 1.4358048408069142, "markets": {"1X2": {}, "OU": {"Over1.5": 0.723417852997158}, "BTTS": {}}, "corners_cards": {"TotalCorners": 8.940004486817344, "HomeCorners": 3.914687543993144, "AwayCorners": 5.025316942824199, "EstimatedCards": 4.543429596986822}, "picks": [], "score_matrix": {"0": {"0": 0.07781649239240834, "1": 0.08703635813879948, "2": 0.04867430672578352, "3": 0.018147114500183477, "4": 0.005074305935234687, "5": 0.0011351041279470694, "6": 0.00021159895194331396}, "1": {"0": 0.1117292964716343, "1": 0.12496722434189256, "2": 0.06988680521980051, "3": 0.026055714846040776, "4": 0.007285713025545219, "5": 0.001629788001726313, "6": 0.00030381479950987976}, "2": {"0": 0.08021073236696172, "1": 0.08971427282614651, "2": 0.05017190662155976,