{"suggestions": [{"home": "Ath Bilbao", "away": "Oviedo", "xg_home": 1.7387014293412724, "xg_away": 0.5488287226643358, "markets": {"1X2": {}, "OU": {"Over1.5": 0.6655492090427667, "Under2.5": 0.6006251037331795}, "BTTS": {"No": 0.6520164431881217}}, "corners_cards": {"TotalCorners": 8.00635553201963, "HomeCorners": 6.085455002694454, "AwayCorners": 1.9209005293251757, "EstimatedCards": 4.330024121604486}, "picks": [{"market": "BTTS", "selection": "No", "prob": 0.6520164431881217, "odds": 1.53}], "score_matrix": {"0": {"0": 0.10173314783233123, "1": 0.17688356954746126, "2": 0.15377385759957865, "3": 0.08912227533456955, "4": 0.038739256877590625, "5": 0.013471200260937106, "6": 0.0039037325247723116}, "1": {"0": 0.0558340735774404, "1": 0.09707878353504137, "2": 0.08439550984554421, "3": 0.04891286453281105, "4": 0.021261216869093647, "5": 0.00739338163196558, "6": 0.00214248053519401}, "2": {"0": 0.015321671641326577, "1": 0.026639812382672157, "2": 0.023159339933567703, "3": 0.013422392481698192, "4": 0.005834383248277048, "5": 0.002028850098620816, "6": 0.0005879274277318656}, "3": {"0": 0.00280299115866388, "1": 0.004873564733999838, "2": 0.004236836984496368, "3": 0.0024555315069432673, "4": 0.0010673590352286966, "5": 0.00037116373603449126, "6": 0.00010755715306046945}, "4": {"0": 0.00038459051431223107, "1": 0.0006686880769457712, "2": 0.0005813244575845395, "3": 0.0003369165551044263, "4": 0.00014644932398220087, "5": 5.092632978678315e-05, "6": 1.475761373189748e-05}, "5": {"0": 4.221486414376034e-05, "1": 7.339904462620374e-05, "2": 6.380951190193214e-05, "3": 3.6981896516486113e-05, "4": 1.6075119083241353e-05, "5": 5.589966505372582e-06, "6": 1.619880458810191e-06}, "6": {"0": 3.861454994244744e-06, "1": 6.7139173178303305e-06, "2": 5.836748818495358e-06, "3": 3.382787837807954e-06, "4": 1.4704145121887404e-06, "5": 5.113223628133425e-07, "6": 1.4817282051295256e-07}}}, {"home": "Mallorca", "away": "Getafe", "xg_home": 1.0737914864107885, "xg_away": 1.3176668279227732, "markets": {"1X2": {}, "OU": {"Over1.5": 0.689519045361448}, "BTTS": {}}, "corners_cards": {"TotalCorners": 8.370104100167467, "HomeCorners": 3.7582702024377594, "AwayCorners": 4.611833897729707, "EstimatedCards": 4.41316665146685}, "picks": [], "score_matrix": {"0": {"0": 0.09154792005738191, "1": 0.09830337715623215, "2": 0.052778664737895435, "3": 0.018891093619893804, "4": 0.005071273874507782, "5": 0.001089098142340782, "6": 0.00019491071885188946}, "1": {"0": 0.12062965742493804, "1": 0.12953109915154845, "2": 0.06954469574718221, "3": 0.024892167406117608, "4": 0.006682249359750301, "5": 0.0014350684945147632, "6": 0.0002568273886377167}, "2": {"0": 0.07947484902626446, "1": 0.08533941626818553, "2": 0.045818369322021976, "3": 0.01639979163307082, "4": 0.004402489158625581, "5": 0.000945471075509589, "6": 0.00016920646525497472}, "3": {"0": 0.034907124072026396, "1": 0.03748297264362704, "2": 0.0201244484550476, "3": 0.007203153806580953, "4": 0.0019336713082035225, "5": 0.00041527195765315094, "6": 7.431924877884914e-05}, "4": {"0": 0.011498989861973426, "1": 0.012347517416111033, "2": 0.006629329539864482, "3": 0.0023728392068393437, "4": 0.0006369836347314537, "5": 0.0001367975207915269, "6": 2.44820021980074e-05}, "5": {"0": 0.00303036749914853, "1": 0.0032539828212816437, "2": 0.0017470495252095938, "3": 0.0006253223021693573, "4": 0.0001678664410830626, "5": 3.6050711057814166e-05, "6": 6.451824435489353e-06}, "6": {"0": 0.0006655024550072185, "1": 0.0007146108703722301, "2": 0.0003836715343511521, "3": 0.00013732774238814385, "4": 3.68653401561007e-05, "5": 7.917137680651741e-06, "6": 1.4168925063709825e-06}}}, {"home": "Valencia", "away": "Betis", "xg_home": 0.9288511395274324, "xg_away": 1.9732082148772454, "markets": {"1X2": {}, "OU": {"Over1.5": 0.7848184371578875}, "BTTS": {}}, "corners_cards": {"TotalCorners": 10.157207740416371, "HomeCorners": 3.2509789883460134, "AwayCorners": 6.906228752070358, "EstimatedCards": 4.821647483523742}, "picks": [], "score_matrix": {"0": {"0": 0.05514564062158967, "1": 0.05122209113133382, "2": 0.02378884885815871, "3": 0.007365433123315524, "4": 0.0017103477374261799, "5": 0.0003177316889792946, "6": 4.918757356206559e-05}, "1": {"0": 0.10881383108918906, "1": 0.10107185100353878, "2": 0.04694035198939194, "3": 0.014533533145055158, "4": 0.003374872205786048, "5": 0.0006269507788207659, "6": 9.705732422254663e-05}, "2": {"0": 0.10735617269872642, "1": 0.09971790334651585, "2": 0.04631154407734882, "3": 0.014338843496506784, "4": 0.0033296627803089595, "5": 0.0006185522135464112, "6": 9.575715473496663e-05}, "3": {"0": 0.07061202729563575, "1": 0.06558806201789341, "2": 0.03046077307235811, "3": 0.009431174593048784, "4": 0.0021900393169588827, "5": 0.0004068441030334276, "6": 6.29829347854359e-05}, "4": {"0": 0.03483305808222119, "1": 0.03235472569289639, "2": 0.015026361914472153, "3": 0.004652417795736356, "4": 0.0010803508927818548, "5": 0.00020069703156998096, "6": 3.106961107892498e-05}, "5": {"0": 0.013746575271427015, "1": 0.012768522105464605, "2": 0.005930028153871005, "3": 0.0018360378027176129, "4": 0.0004263514513174244, "5": 7.920340627907285e-05, "6": 1.226136236279517e-05}, "6": {"0": 0.0045208092086680305, "1": 0.004199158785057409, "2": 0.001950196711278602, "3": 0.0006038141458579268, "4": 0.00014021336436072964, "5": 2.604746865268776e-05, "6": 4.03237015664235e-06}}}], "favorable_parlays": []}