{"suggestions": [{"home": "Aston Villa", "away": "Bournemouth", "xg_home": 2.081764810506476, "xg_away": 1.325312808518012, "markets": {"1X2": {}, "OU": {"Over1.5": 0.8530697642986259, "Over2.5": 0.6595637198566021}, "BTTS": {"Yes": 0.6420873114006225}}, "corners_cards": {"TotalCorners": 11.924771666585707, "HomeCorners": 7.286176836772666, "AwayCorners": 4.638594829813042, "EstimatedCards": 5.22566209521959}, "picks": [{"market": "BTTS", "selection": "Yes", "prob": 0.6420873114006225, "odds": 1.56}], "score_matrix": {"0": {"0": 0.03333960696927711, "1": 0.06940522058475755, "2": 0.07224267293939399, "3": 0.050130751447386275, "4": 0.026090108571853836, "5": 0.010862693985435734, "6": 0.003768929014363409}, "1": {"0": 0.04418540814733934, "1": 0.09198362781899717, "2": 0.09574413976815642, "3": 0.06643892699385388, "4": 0.03457755506590346, "5": 0.014396467473909548, "6": 0.004995009897130993}, "2": {"0": 0.029279743683632467, "1": 0.06095354006123534, "2": 0.06344546738763822, "3": 0.04402618046457383, "4": 0.02291303830803936, "5": 0.009539911370292635, "6": 0.0033099752976709705}, "3": {"0": 0.012934939778014154, "1": 0.026927502455890318, "2": 0.028028363523749582, "3": 0.019449486959941725, "4": 0.010122314383902814, "5": 0.004214455577058483, "6": 0.001462250885960519}, "4": {"0": 0.004285710341302822, "1": 0.008921840976547916, "2": 0.009286587294956088, "3": 0.006444163546778703, "4": 0.003353808226208127, "5": 0.001396367989301444, "6": 0.00048448495710757156}, "5": {"0": 0.001135981361785346, "1": 0.0023648460243559594, "2": 0.0024615266178851882, "3": 0.0017081064977461351, "4": 0.0008889689999013408, "5": 0.0003701248763251492, "6": 0.00012841882383779284}, "6": {"0": 0.0002509217748353088, "1": 0.0005223601210419753, "2": 0.0005437154591985436, "3": 0.000377295903295966, "4": 0.00019636033365744908, "5": 8.175520655747755e-05, "6": 2.836585201450751e-05}}}, {"home": "Brentford", "away": "Newcastle", "xg_home": 1.3636632476714174, "xg_away": 1.3310887289128077, "markets": {"1X2": {}, "OU": {"Over1.5": 0.7501365211690474}, "BTTS": {}}, "corners_cards": {"TotalCorners": 9.431631918044788, "HomeCorners": 4.772821366849961, "AwayCorners": 4.6588105511948275, "EstimatedCards": 4.65580158126738}, "picks": [], "score_matrix": {"0": {"0": 0.06762659047602702, "1": 0.09221989599748395, "2": 0.06287844143792466, "3": 0.028581673219919123, "4": 0.009743944331739524, "5": 0.0026574917545098835, "6": 0.0006039873061024936}, "1": {"0": 0.09001699235744179, "1": 0.12275286414376224, "2": 0.08369678468962555, "3": 0.03804474307650338, "4": 0.01297005447513232, "5": 0.003537357321606828, "6": 0.000803960695559439}, "2": {"0": 0.05991030196881056, "1": 0.08169747695176352, "2": 0.05570392337330131, "3": 0.025320464351758613, "4": 0.008632146662616877, "5": 0.0023542682304640234, "6": 0.0005350715101740352}, "3": {"0": 0.026581975898815512, "1": 0.03624886358370211, "2": 0.024715621519474693, "3": 0.011234594903154812, "4": 0.0038300510429772117, "5": 0.0010445799688027207, "6": 0.00023740921878500436}, "4": {"0": 0.008845742127786306, "1": 0.012062613438040949, "2": 0.0082246713081619, "3": 0.003738560662372661, "4": 0.0012745344436169274, "5": 0.0003476071557303484, "6": 7.900318381617852e-05}, "5": {"0": 0.00235489352903311, "1": 0.003211281757721696, "2": 0.002189553455461373, "3": 0.00099527119200821, "4": 0.00033930368650192974, "5": 9.253919341642117e-05, "6": 2.1032049505188392e-05}, "6": {"0": 0.0005224287057142798, "1": 0.00071241682551111, "2": 0.0004857483209861209, "3": 0.0002207990443156239, "4": 7.527388546354725e-05, "5": 2.0529646223213422e-05, "6": 4.665920673715412e-06}}}, {"home": "Crystal Palace", "away": "Brighton", "xg_home": 1.7255256601834519, "xg_away": 1.4087562839672774, "markets": {"1X2": {}, "OU": {"Over1.5": 0.8195468786527973, "Over2.5": 0.6051539613743737}, "BTTS": {"Yes": 0.6206002329050299}}, "corners_cards": {"TotalCorners": 10.969986804527553, "HomeCorners": 6.039339810642082, "AwayCorners": 4.93064699388547, "EstimatedCards": 5.007425555320584}, "picks": [{"market": "BTTS", "selection": "Yes", "prob": 0.6206002329050299, "odds": 1.61}], "score_matrix": {"0": {"0": 0.043647995899871304, "1": 0.07531573694081004, "2": 0.06497961835349722, "3": 0.03737466628596234, "4": 0.01612273642930534, "5": 0.005564039084228177, "6": 0.0016001487023498927}, "1": {"0": 0.06148938850652165, "1": 0.10610151769699254, "2": 0.09154044568528463, "3": 0.05265179599152939, "4": 0.02271300625953204, "5": 0.00783837502414598, "6": 0.0022542195397174955}, "2": {"0": 0.04331178122793383, "1": 0.07473558989705176, "2": 0.06447908904815498, "3": 0.03708677423261507, "4": 0.015998545147951935, "5": 0.005521180035678906, "6": 0.0015878229710094228}, "3": {"0": 0.02033858132488925, "1": 0.03509474396782435, "2": 0.030278440627024665, "3": 0.01741540875075739, "4": 0.007512683670503829, "5": 0.0025926656900591115, "6": 0.0007456185294123722}, "4": {"0": 0.007163026062104311, "1": 0.012359985274723812, "2": 0.010663735875512776, "3": 0.006133516628872047, "4": 0.0026458850825701544, "5": 0.0009131085207742827, "6": 0.00026259869718802986}, "5": {"0": 0.0020181915954421655, "1": 0.003482441385102037, "2": 0.0030045209850391836, "3": 0.0017281260187482573, "4": 0.0007454814473451968, "5": 0.00025726947331696713, "6": 7.398751296505145e-05}, "6": {"0": 0.0004738566820548494, "1": 0.000817651864135034, "2": 0.0007054396363309174, "3": 0.00040575139806649344, "4": 0.00017503361225476113, "5": 6.040499786803822e-05, "6": 1.7371728970771107e-05}}}, {"home": "Tottenham", "away": "Leeds", "xg_home": 2.114410172536846, "xg_away": 1.30823298808446, "markets": {"1X2": {}, "OU": {"Over1.5": 0.8547636747997129, "Over2.5": 0.6624161502283363}, "BTTS": {"Yes": 0.6409865029882216}}, "corners_cards": {"TotalCorners": 11.979251062174573, "HomeCorners": 7.400435603878961, "AwayCorners": 4.578815458295612, "EstimatedCards": 5.238114528497045}, "picks": [{"market": "BTTS", "selection": "Yes", "prob": 0.6409865029882216, "odds": 1.56}], "score_matrix": {"0": {"0": 0.032839259222506155, "1": 0.06943566375864146, "2": 0.07340773689405976, "3": 0.051738021877236105, "4": 0.02734884994104047, "5": 0.011565337304503941, "6": 0.004075644474243832}, "1": {"0": 0.0429614022191394, "1": 0.09083802587859537, "2": 0.09603442298543366, "3": 0.06768538695803576, "4": 0.03577866767904088, "5": 0.015130155780075866, "6": 0.005331892548909928}, "2": {"0": 0.02810176179872154, "1": 0.05941865101342416, "2": 0.0628177000706004, "3": 0.04427412801488203, "4": 0.023403416663716273, "5": 0.009896884453176007, "6": 0.0034876788607028516}, "3": {"0": 0.012254550602793074, "1": 0.02591114645441321, "2": 0.02739339582265166, "3": 0.019306958262581008, "4": 0.010205707237786396, "5": 0.004315810240301695, "6": 0.0015208988458054323}, "4": {"0": 0.004007951838181051, "1": 0.008474454137687763, "2": 0.008959236017711985, "3": 0.006314499924669577, "4": 0.0033378607188011243, "5": 0.0014115213316688495, "6": 0.0004974225104055618}, "5": {"0": 0.0010486669618724402, "1": 0.002217312091786396, "2": 0.0023441536212810542, "3": 0.001652167420941916, "4": 0.0008733399003933879, "5": 0.0003693197538948191, "6": 0.0001301489074256683}, "6": {"0": 0.0002286501188393058, "1": 0.000483460137225587, "2": 0.0005111165160829204, "3": 0.0003602366536524398, "4": 0.00019042201125083776, "5": 8.052604753273944e-05, "6": 2.8377515676234976e-05}}}], "favorable_parlays": []}