{"suggestions": [{"home": "Burton", "away": "Blackpool", "xg_home": 1.3273030577534535, "xg_away": 1.3698282808770068, "markets": {"1X2": {}, "OU": {"Over1.5": 0.7505681686762257}, "BTTS": {}}, "corners_cards": {"TotalCorners": 9.439959685206611, "HomeCorners": 4.645560702137088, "AwayCorners": 4.794398983069525, "EstimatedCards": 4.657705070904369}, "picks": [], "score_matrix": {"0": {"0": 0.06746631603738806, "1": 0.08954824757178603, "2": 0.05942883140924743, "3": 0.02629335654940286, "4": 0.008724813136656054, "5": 0.0023160942309222153, "6": 0.0005123598257913651}, "1": {"0": 0.09241726771460011, "1": 0.12266572202680827, "2": 0.08140729396385887, "3": 0.03601738340055471, "4": 0.011951495779958687, "5": 0.0031726513786933318, "6": 0.0007018449793542283}, "2": {"0": 0.0632978934784204, "1": 0.08401548756325977, "2": 0.05575700677068097, "3": 0.02466881519263495, "4": 0.008185748459084805, "5": 0.0021729937919487763, "6": 0.0004807035507554804}, "3": {"0": 0.028902414868893504, "1": 0.03836226363194123, "2": 0.025459174910509846, "3": 0.011264013568866573, "4": 0.003737689913133249, "5": 0.0009922094501272002, "6": 0.0002194937728476176}, "4": {"0": 0.009897836318262607, "1": 0.013137428410373143, "2": 0.008718674450052682, "3": 0.0038574410857039445, "4": 0.0012799983370396619, "5": 0.0003397891413344157, "6": 7.516719438076506e-05}, "5": {"0": 0.0027116672216495334, "1": 0.0035992041949052373, "2": 0.0023886173666883893, "3": 0.0010568063782028336, "4": 0.00035067558431049344, "5": 9.309055506695937e-05, "6": 2.0593229731390237e-05}, "6": {"0": 0.0006190864080904518, "1": 0.000821715282472059, "2": 0.0005453326035139533, "3": 0.00024127387737890728, "4": 8.006088880026386e-05, "5": 2.1253012502209884e-05, "6": 4.7015314134425935e-06}}, "ml_prediction": {"pred_total_goals": 2.4775405742045433, "pred_total_goals_model": "RF", "prob_1x2_home": 0.4945108447561563, "prob_1x2_draw": 0.22138176024838987, "prob_1x2_away": 0.2841073949954539, "model_1x2": "RF", "prob_btts_no": 0.4384880261153974, "prob_btts_yes": 0.561511973884603, "model_btts": "RF"}, "ml_vs_poisson": {"1X2": {"poisson_home": 0.36096757592220446, "ml_home": 0.4945108447561563, "poisson_draw": 0.25853084882726396, "ml_draw": 0.22138176024838987, "poisson_away": 0.38050157525053163, "ml_away": 0.2841073949954539, "delta_home": 0.13354326883395184, "delta_draw": -0.037149088578874084, "delta_away": -0.09639418025507773}, "BTTS": {"poisson_yes": 0.5478638152288893, "ml_yes": 0.561511973884603, "poisson_no": 0.45213618477111067, "ml_no": 0.4384880261153974, "delta_yes": 0.013648158655713782, "delta_no": -0.013648158655713283}, "OU2.5": {"poisson_over2.5": 0.5051757217617496, "ml_total_goals": 2.4775405742045433}}}, {"home": "Leyton Orient", "away": "Exeter", "xg_home": 1.455317790235326, "xg_away": 0.8084305085016711, "markets": {"1X2": {}, "OU": {"Over1.5": 0.6604285861543701, "Under2.5": 0.6061595035555474}, "BTTS": {}}, "corners_cards": {"TotalCorners": 7.923119045579489, "HomeCorners": 5.093612265823641, "AwayCorners": 2.8295067797558486, "EstimatedCards": 4.310998638989598}, "picks": [], "score_matrix": {"0": {"0": 0.104043382872704, "1": 0.15141618605091153, "2": 0.1101793346447368, "3": 0.05344864860825895, "4": 0.019446192295908965, "5": 0.0056600779201146905, "6": 0.0013728686818768455}, "1": {"0": 0.08411184492201415, "1": 0.12240946428452205, "2": 0.08907233553322036, "3": 0.043209518173101924, "4": 0.015720895126202963, "5": 0.004575779671117401, "6": 0.001109868926595717}, "2": {"0": 0.033999290780658796, "1": 0.04947977272847665, "2": 0.03600439675427639, "3": 0.01746594637439649, "4": 0.006354625620488851, "5": 0.0018495999431565244, "6": 0.0004486259503489897}, "3": {"0": 0.00916202131150139, "1": 0.013333652609143166, "2": 0.009702350925451861, "3": 0.004706667969638758, "4": 0.0017124244072365166, "5": 0.000498424340856897, "6": 0.00012089430172255972}, "4": {"0": 0.001851714386940054, "1": 0.0026948328897485607, "2": 0.001960919123081177, "3": 0.0009512534950108972, "4": 0.0003460940335782224, "5": 0.00010073536083213788, "6": 2.4433660454130853e-05}, "5": {"0": 0.00029939648068676167, "1": 0.0004357170246772914, "2": 0.00031705336876063344, "3": 0.0001538044693371303, "4": 5.595859511100738e-05, "5": 1.6287507796324912e-05, "6": 3.950583309098037e-06}, "6": {"0": 4.03402081875349e-05, "1": 5.8707822637116296e-05, "2": 4.2719269354887775e-05, "3": 2.0723370892674318e-05, "4": 7.539772583438467e-06, "5": 2.194553035001313e-06, "6": 5.322953455753898e-07}}, "ml_prediction": {"pred_total_goals": 2.4775405742045438, "pred_total_goals_model": "RF", "prob_1x2_home": 0.4945108447561563, "prob_1x2_draw": 0.22138176024838996, "prob_1x2_away": 0.2841073949954539, "model_1x2": "RF", "prob_btts_no": 0.4384880261153974, "prob_btts_yes": 0.5615119738846033, "model_btts": "RF"}, "ml_vs_poisson": {"1X2": {"poisson_home": 0.5237913661748483, "ml_home": 0.4945108447561563, "poisson_draw": 0.2675268257178613, "ml_draw": 0.22138176024838996, "poisson_away": 0.20868180810729023, "ml_away": 0.2841073949954539, "delta_home": -0.02928052141869203, "delta_draw": -0.046145065469471336, "delta_away": 0.07542558688816367}, "BTTS": {"poisson_yes": 0.4249687008354993, "ml_yes": 0.5615119738846033, "poisson_no": 0.5750312991645005, "ml_no": 0.4384880261153974, "delta_yes": 0.13654327304910396, "delta_no": -0.13654327304910308}, "OU2.5": {"poisson_over2.5": 0.39384049644445246, "ml_total_goals": 2.4775405742045438}}}, {"home": "Lincoln", "away": "Doncaster", "xg_home": 1.241329020802435, "xg_away": 0.6189992442512803, "markets": {"1X2": {}, "OU": {"Under2.5": 0.7146402444289528}, "BTTS": {"No": 0.6719039232981323}}, "corners_cards": {"TotalCorners": 6.511148927688004, "HomeCorners": 4.344651572808523, "AwayCorners": 2.1664973548794815, "EstimatedCards": 3.9882626120429725}, "picks": [{"market": "BTTS", "selection": "No", "prob": 0.6719039232981323, "odds": 1.49}, {"market": "Over/Under 2.5", "selection": "Under2.5", "prob": 0.7146402444289528, "odds": 1.4}], "score_matrix": {"0": {"0": 0.15566998281797403, "1": 0.19323766733976763, "2": 0.11993576219051022, "3": 0.049626580746379906, "4": 0.015400728720919184, "5": 0.003823474300556511, "6": 0.0007910316015955146}, "1": {"0": 0.09635960171693572, "1": 0.11961397004419645, "2": 0.07424014615462708, "3": 0.0307188159767843, "4": 0.00953303943916796, "5": 0.0023667277024586727, "6": 0.0004896479635665035}, "2": {"0": 0.02982326031956879, "1": 0.03702047852962644, "2": 0.022977297181409385, "3": 0.009507461936961817, "4": 0.0029504721041313086, "5": 0.0007325013295852436, "6": 0.000151545859698422}, "3": {"0": 0.0061535251996407605, "1": 0.007638549410553174, "2": 0.004740976530076494, "3": 0.00196170391790906, "4": 0.0006087800008805883, "5": 0.0001511392564754413, "6": 3.1268924207577926e-05}, "4": {"0": 0.0009522568620147096, "1": 0.0011820640780771188, "2": 0.0007336652222826016, "3": 0.00030357331065762085, "4": 9.420859011509447e-05, "5": 2.3388771383749638e-05, "6": 4.8388601132603246e-06}, "5": {"0": 0.00011788925558404017, "1": 0.00014633935419726459, "2": 9.08276436252756e-05, "3": 3.7582329974385286e-05, "4": 1.1663009216644422e-05, "5": 2.8955263621013993e-06, "6": 5.990501506291612e-07}, "6": {"0": 1.216222668531115e-05, "1": 1.5097324942054534e-05, "2": 9.370373793528367e-06, "3": 3.877238975224455e-06, "4": 1.2032323151331021e-06, "5": 2.987214383084042e-07, "6": 6.180193175134439e-08}}, "ml_prediction": {"pred_total_goals": 2.4775405742045433, "pred_total_goals_model": "RF", "prob_1x2_home": 0.4945108447561563, "prob_1x2_draw": 0.2213817602483899, "prob_1x2_away": 0.28410739499545395, "model_1x2": "RF", "prob_btts_no": 0.43848802611539733, "prob_btts_yes": 0.561511973884603, "model_btts": "RF"}, "ml_vs_poisson": {"1X2": {"poisson_home": 0.5143256182299217, "ml_home": 0.4945108447561563, "poisson_draw": 0.30032011987989793, "ml_draw": 0.2213817602483899, "poisson_away": 0.18535426189018064, "ml_away": 0.28410739499545395,