{"suggestions": [{"home": "Accrington", "away": "Bristol Rvs", "xg_home": 1.6733714185044202, "xg_away": 0.7259345015257809, "markets": {"1X2": {}, "OU": {"Over1.5": 0.6908734579911762}, "BTTS": {}}, "corners_cards": {"TotalCorners": 8.397570720105703, "HomeCorners": 5.856799964765471, "AwayCorners": 2.5407707553402323, "EstimatedCards": 4.419444736024161}, "picks": [], "score_matrix": {"0": {"0": 0.09093813539620398, "1": 0.15217327662409286, "2": 0.1273212058814619, "3": 0.0710185556305184, "4": 0.02971010529389392, "5": 0.00994320820791179, "6": 0.002773113403893024}, "1": {"0": 0.0660151299885273, "1": 0.11046783171165563, "2": 0.09242685612522036, "3": 0.051554819780721316, "4": 0.02156759047680135, "5": 0.007218117893977499, "6": 0.0020130986965295437}, "2": {"0": 0.0239613302406906, "1": 0.04009620517411728, "2": 0.033547921864428454, "3": 0.0187127111993847, "4": 0.00782832902094448, "5": 0.0026199404076594373, "6": 0.0007306888993936868}, "3": {"0": 0.005798118774723449, "1": 0.009702406238716087, "2": 0.008117864645293238, "3": 0.004528067558907075, "4": 0.0018942847085330454, "5": 0.0006339683779538348, "6": 0.00017681076065059246}, "4": {"0": 0.0010522636156290346, "1": 0.0017608278591257475, "2": 0.0014732595061836766, "3": 0.0008217701165625669, "4": 0.00034378165640921136, "5": 0.00011505487960825625, "6": 3.2088257849320503e-05}, "5": {"0": 0.00015277489265707583, "1": 0.0002556491388374315, "2": 0.0002138979810479131, "3": 0.00011931025598712597, "4": 4.9912593075825625e-05, "5": 1.670446133530565e-05, "6": 4.6587946933354415e-06}, "6": {"0": 1.8484094257778172e-05, "1": 3.0930755027907664e-05, "2": 2.5879320708231284e-05, "3": 1.4435238534487935e-05, "4": 6.038878895726437e-06, "5": 2.0210574687836307e-06, "6": 5.636633005695695e-07}}, "ml_prediction": {"pred_total_goals": 2.477540574204544, "pred_total_goals_model": "RF", "prob_1x2_home": 0.49451084475615625, "prob_1x2_draw": 0.2213817602483899, "prob_1x2_away": 0.2841073949954539, "model_1x2": "RF", "prob_btts_no": 0.4384880261153974, "prob_btts_yes": 0.561511973884603, "model_btts": "RF"}, "ml_vs_poisson": {"1X2": {"poisson_home": 0.6004684833216926, "ml_home": 0.49451084475615625, "poisson_draw": 0.23984300631224023, "ml_draw": 0.2213817602483899, "poisson_away": 0.15968851036606724, "ml_away": 0.2841073949954539, "delta_home": -0.1059576385655363, "delta_draw": -0.01846124606385033, "delta_away": 0.12441888462938666}, "BTTS": {"poisson_yes": 0.4191242979555391, "ml_yes": 0.561511973884603, "poisson_no": 0.5808757020444613, "ml_no": 0.4384880261153974, "delta_yes": 0.14238767592906393, "delta_no": -0.14238767592906387}, "OU2.5": {"poisson_over2.5": 0.42912309015736794, "ml_total_goals": 2.477540574204544}}}, {"home": "Bromley", "away": "Barrow", "xg_home": 1.2025144769874478, "xg_away": 0.8435146443514645, "markets": {"1X2": {}, "OU": {"Over1.5": 0.6061980083839181, "Under2.5": 0.6644080298095253}, "BTTS": {"No": 0.6014388356594315}}, "corners_cards": {"TotalCorners": 7.161101924686193, "HomeCorners": 4.208800669456068, "AwayCorners": 2.952301255230125, "EstimatedCards": 4.13682329707113}, "picks": [{"market": "BTTS", "selection": "No", "prob": 0.6014388356594315, "odds": 1.66}], "score_matrix": {"0": {"0": 0.12928372511520259, "1": 0.15546555108989682, "2": 0.0934747879292163, "3": 0.03746826190607138, "4": 0.011264031842402034, "5": 0.0027090322719472083, "6": 0.0005429417542737858}, "1": {"0": 0.1090527154109826, "1": 0.13113746903649875, "2": 0.07884735249594145, "3": 0.031605027616167326, "4": 0.009501375813507323, "5": 0.002285108393408189, "6": 0.00045797932075981266}, "2": {"0": 0.04599378122772823, "1": 0.0553081877777367, "2": 0.0332544482493343, "3": 0.013329651814684797, "4": 0.004007274820090118, "5": 0.0009637611968851275, "6": 0.00019315613193551933}, "3": {"0": 0.012932142671562081, "1": 0.015551088781020532, "2": 0.009350204696047136, "3": 0.0037479188365975667, "4": 0.0011267316648956318, "5": 0.0002709822277434334, "6": 5.4310008644631384e-05}, "4": {"0": 0.0027271129315762713, "1": 0.003279392780600146, "2": 0.0019717586471998984, "3": 0.0007903561061276878, "4": 0.00023760366489849306, "5": 5.7144369365142436e-05, "6": 1.14528219066503e-05}, "5": {"0": 0.0004600719389169677, "1": 0.0005532431670033386, "2": 0.0003326414588079494, "3": 0.000133335389954261, "4": 4.0084434178691383e-05, "5": 9.64042248034537e-06, "6": 1.932124599481758e-06}, "6": {"0": 6.467956965527244e-05, "1": 7.777811887578316e-05, "2": 4.676465697048996e-05, "3": 1.8745059006122045e-05, "4": 5.635301206711425e-06, "5": 1.3553062566510645e-06, "6": 2.716292323957618e-07}}, "ml_prediction": {"pred_total_goals": 2.4775405742045438, "pred_total_goals_model": "RF", "prob_1x2_home": 0.49451084475615614, "prob_1x2_draw": 0.2213817602483899, "prob_1x2_away": 0.28410739499545395, "model_1x2": "RF", "prob_btts_no": 0.43848802611539744, "prob_btts_yes": 0.561511973884603, "model_btts": "RF"}, "ml_vs_poisson": {"1X2": {"poisson_home": 0.4436378476143422, "ml_home": 0.49451084475615614, "poisson_draw": 0.2976710769542445, "ml_draw": 0.2213817602483899, "poisson_away": 0.2586910754314136, "ml_away": 0.28410739499545395, "delta_home": 0.050872997141813925, "delta_draw": -0.07628931670585459, "delta_away": 0.025416319564040335}, "BTTS": {"poisson_yes": 0.3985611643405688, "ml_yes": 0.561511973884603, "poisson_no": 0.6014388356594315, "ml_no": 0.43848802611539744, "delta_yes": 0.16295080954403424, "delta_no": -0.16295080954403401}, "OU2.5": {"poisson_over2.5": 0.33559197019047493, "ml_total_goals": 2.4775405742045438}}}, {"home": "Grimsby", "away": "Chesterfield", "xg_home": 1.7896006694560669, "xg_away": 1.3375732217573217, "markets": {"1X2": {}, "OU": {"Over1.5": 0.8185203076384493, "Over2.5": 0.6035149241649249}, "BTTS": {"Yes": 0.6139210863869543}}, "corners_cards": {"TotalCorners": 10.94510861924686, "HomeCorners": 6.263602343096235, "AwayCorners": 4.681506276150625, "EstimatedCards": 5.001739112970711}, "picks": [{"market": "BTTS", "selection": "Yes", "prob": 0.6139210863869543, "odds": 1.63}], "score_matrix": {"0": {"0": 0.04397190357011974, "1": 0.07869214806634389, "2": 0.07041376043023248, "3": 0.04200417093495439, "4": 0.018792673106285365, "5": 0.006726276074375461, "6": 0.0020062246942747753}, "1": {"0": 0.05881564072508734, "1": 0.1052565100161038, "2": 0.09418356039471429, "3": 0.0561836542447122, "4": 0.02513657631220629, "5": 0.008996886759231576, "6": 0.002683472427890209}, "2": {"0": 0.039335113027188104, "1": 0.07039414460658588, "2": 0.06298870415686664, "3": 0.037574875709099564, "4": 0.016811005680933272, "5": 0.006016997404165585, "6": 0.0017946704304350248}, "3": {"0": 0.01753786461998813, "1": 0.03138577426476063, "2": 0.028084001317806306, "3": 0.01675304918645041, "4": 0.007495317009875519, "5": 0.0026827248677317346, "6": 0.0008001677032098586}, "4": {"0": 0.0058645445206253165, "1": 0.010495192800165976, "2": 0.00939110203062376, "3": 0.005602107493644838, "4": 0.002506383830247913, "5": 0.0008970852361051051, "6": 0.0002675707231821417}, "5": {"0": 0.0015688515417184108, "1": 0.0028076177693364505, "2": 0.0025122573197906306, "3": 0.0014986457937810724, "4": 0.0006704943789570315, "5": 0.00023998343788960666, "6": 7.157908685093476e-05}, "6": {"0": 0.00034974230185253933, "1": 0.0006258990575324101, "2": 0.0005600546861859613, "3": 0.0003340914137768013, "4": 0.00014947255443862188, "5": 5.3499236697733215e-05, "6": 1.5957044968275326e-05}}, "ml_prediction": {"pred_total_goals": 2.477540574204544, "pred_total_goals_model": "RF", "prob_1x2_home": 0.49451084475615636, "prob_1x2_draw": 0.22138176024838987, "prob_1x2_away": 0.28410739499545395, "model_1x2": "RF", "prob_btts_no": 0.43848802611539744, "prob_btts_yes": 0.5615119738846033, "model_btts": "RF"}, "ml_vs_poisson": {"1X2": {"poisson_home": 0.48023139729680964, "ml_home": 0.49451084475615636, "poisson_draw": 0.2317324912426464, "ml_draw": 0.22138176024838987, "poisson_away": 0.28803611146054403,