{"suggestions": [{"home": "Accrington", "away": "Barnet", "xg_home": 0.947435648535565, "xg_away": 1.0845188284518825, "markets": {"1X2": {}, "OU": {"Over1.5": 0.6024961851888029, "Under2.5": 0.6681591403324959}, "BTTS": {}}, "corners_cards": {"TotalCorners": 7.1118406694560665, "HomeCorners": 3.316024769874477, "AwayCorners": 3.795815899581589, "EstimatedCards": 4.125563581589958}, "picks": [], "score_matrix": {"0": {"0": 0.13110480972859367, "1": 0.12421337043134201, "2": 0.05884208758570344, "3": 0.01858303047098248, "4": 0.0044015563815078635, "5": 0.0008340382849759513, "6": 0.00013169960057161345}, "1": {"0": 0.14218563465126138, "1": 0.13471173897825875, "2": 0.06381535189211016, "3": 0.020153646435475556, "4": 0.004773570770237816, "5": 0.0009045302237061361, "6": 0.0001428306965195071}, "2": {"0": 0.07710149895733669, "1": 0.07304870866770848, "2": 0.03460447533563796, "3": 0.010928504510617703, "4": 0.002588513689635233, "5": 0.0004904900292565489, "6": 7.74512898281511e-05}, "3": {"0": 0.02787267577369828, "1": 0.02640756664807536, "2": 0.012509735016732717, "3": 0.003950722969528742, "4": 0.0009357639447049543, "5": 0.00017731522396554738, "6": 2.7999127368837883e-05}, "4": {"0": 0.007557110418977606, "1": 0.007159875810858924, "2": 0.003391760791147614, "3": 0.0010711583616128133, "4": 0.0002537134042547323, "5": 4.807542474044965e-05, "6": 7.591395202931775e-06}, "5": {"0": 0.0016391657076142215, "1": 0.0015530040252507383, "2": 0.0007356856879208881, "3": 0.00023233828228455327, "4": 5.5031392788976226e-05, "5": 1.042774066336782e-05, "6": 1.646602206359762e-06}, "6": {"0": 0.0002962843454767128, "1": 0.0002807103510076648, "2": 0.00013297749672879647, "3": 4.1995873617961074e-05, "4": 9.947096939262645e-06, "5": 1.8848468479392873e-06, "6": 2.9762851596126234e-07}}}, {"home": "Barrow", "away": "Bristol Rvs", "xg_home": 1.6090109793311733, "xg_away": 0.6533410513732029, "markets": {"1X2": {}, "OU": {"Over1.5": 0.6599009135353205, "Under2.5": 0.6068863021423487}, "BTTS": {"No": 0.6164194559718538}}, "corners_cards": {"TotalCorners": 7.918232107465317, "HomeCorners": 5.631538427659107, "AwayCorners": 2.2866936798062105, "EstimatedCards": 4.309881624563501}, "picks": [{"market": "BTTS", "selection": "No", "prob": 0.6164194559718538, "odds": 1.62}], "score_matrix": {"0": {"0": 0.10424965891594733, "1": 0.1677388457872892, "2": 0.13494682226604343, "3": 0.0723769728839721, "4": 0.02911383600526643, "5": 0.009368896356584184, "6": 0.0025124428503266296}, "1": {"0": 0.06811058176144283, "1": 0.10959067386279507, "2": 0.08816629873876955, "3": 0.04728684755922413, "4": 0.019021264225187778, "5": 0.006121084595817281, "6": 0.0016414820533474867}, "2": {"0": 0.022249719548830777, "1": 0.03580004304110816, "2": 0.028801331156835797, "3": 0.015447219350233934, "4": 0.006213686383665837, "5": 0.0019995779226877892, "6": 0.0005362238052721455}, "3": {"0": 0.004845551720930668, "1": 0.007796545919894505, "2": 0.006272363992984962, "3": 0.0033641008436914406, "4": 0.0013532187982691977, "5": 0.0004354687807704951, "6": 0.00011677900823594769}, "4": {"0": 0.0007914494639590187, "1": 0.001273450877095833, "2": 0.0010244982214430538, "3": 0.000549476295535711, "4": 0.00022102834809979493, "5": 7.112740776720051e-05, "6": 1.9074130004798495e-05}, "5": {"0": 0.00010341728497834861, "1": 0.00016639954698278376, "2": 0.00013386934902551623, "3": 7.179908412599084e-05, "4": 2.8881378666160453e-05, "5": 9.294091074414658e-06, "6": 2.492382430272841e-06}, "6": {"0": 1.126112628298607e-05, "1": 1.8119275828959435e-05, "2": 1.4577056873162837e-05, "3": 7.818214851751316e-06, "4": 3.144898383809477e-06, "5": 1.0120352056860623e-06, "6": 2.7139595956975937e-07}}}, {"home": "Bromley", "away": "Cambridge", "xg_home": 1.0876065813068236, "xg_away": 0.8385224148236702, "markets": {"1X2": {}, "OU": {"Under2.5": 0.6967781138010529}, "BTTS": {"No": 0.6236944731441931}}, "corners_cards": {"TotalCorners": 6.741451486456729, "HomeCorners": 3.806623034573883, "AwayCorners": 2.934828451882846, "EstimatedCards": 4.040903196904395}, "picks": [{"market": "BTTS", "selection": "No", "prob": 0.6236944731441931, "odds": 1.6}], "score_matrix": {"0": {"0": 0.14573547134395892, "1": 0.15850285776354175, "2": 0.08619437562978369, "3": 0.03124852340219508, "4": 0.008496524927086916, "5": 0.0018481752857874415, "6": 0.00033501460070517355}, "1": {"0": 0.12220245935680223, "1": 0.13290819904833773, "2": 0.07227591599730472, "3": 0.026202587302882586, "4": 0.007124526599470428, "5": 0.0015497364036559122, "6": 0.00028091725198448975}, "2": {"0": 0.051234750658628606, "1": 0.055723252007938595, "2": 0.030302487807826343, "3": 0.010985728389920572, "4": 0.002987037624331707, "5": 0.0006497443557668529, "6": 0.0001177777062498319}, "3": {"0": 0.014320495615053962, "1": 0.015575065278508196, "2": 0.008469771750594456, "3": 0.003070593166037716, "4": 0.000834899333974594, "5": 0.00018160840207189042, "6": 3.2919748885667306e-05}, "4": {"0": 0.0030020141411517074, "1": 0.003265010337092749, "2": 0.0017755233653284424, "3": 0.0006436902991317512, "4": 0.00017502045141476263, "5": 3.80706789643974e-05, "6": 6.900986832749645e-06}, "5": {"0": 0.0005034512293946671, "1": 0.0005475568704566515, "2": 0.000297763227974211, "3": 0.00010794974880530534, "4": 2.9351714312767126e-05, "5": 6.384623531840643e-06, "6": 1.1573264287327168e-06}, "6": {"0": 7.035919010299363e-05, "1": 7.65231182114338e-05, "2": 4.161352349443773e-05, "3": 1.508638067463887e-05, "4": 4.102011727459327e-06, "5": 8.922749902765074e-07, "6": 1.6174069196003528e-07}}}, {"home": "Cheltenham", "away": "Chesterfield", "xg_home": 0.9636311297071132, "xg_away": 1.6496736401673637, "markets": {"1X2": {}, "OU": {"Over1.5": 0.7347356793835526}, "BTTS": {}}, "corners_cards": {"TotalCorners": 9.146566694560669, "HomeCorners": 3.372708953974896, "AwayCorners": 5.773857740585772, "EstimatedCards": 4.590643815899582}, "picks": [], "score_matrix": {"0": {"0": 0.07341321518961223, "1": 0.07074325948859743, "2": 0.034085203530080294, "3": 0.010948521061329387, "4": 0.00263758392973774, "5": 0.0005083315963821011, "6": 8.164069174791738e-05}, "1": {"0": 0.12110784593823759, "1": 0.11670329039785893, "2": 0.05622946178331304, "3": 0.0180614865936923, "4": 0.004351152682617397, "5": 0.0008385812350157478, "6": 0.00013468049714156853}, "2": {"0": 0.09989421053088035, "1": 0.09626117094507242, "2": 0.04638013045236484, "3": 0.014897779167925205, "4": 0.0035889909424287156, "5": 0.000691692679272236, "6": 0.0001110894329895408}, "3": {"0": 0.05493094863937413, "1": 0.052933172093243504, "2": 0.025504026211596635, "3": 0.008192157863453564, "4": 0.0019735545841746923, "5": 0.0003803557266973822, "6": 6.108710310132806e-05}, "4": {"0": 0.022654534499940704, "1": 0.02183061467316663, "2": 0.010518329939852121, "3": 0.003378596720857284, "4": 0.0008139302437361131, "5": 0.00015686570405484335, "6": 2.519344593511173e-05}, "5": {"0": 0.007474517678962862, "1": 0.007202677914994772, "2": 0.0034703623280714435, "3": 0.001114716390230831, "4": 0.00026854385360529267, "5": 5.1755443405113965e-05, "6": 8.312192732827088e-06}, "6": {"0": 0.002055085797991663, "1": 0.0019803446491637503, "2": 0.0009541608757415508, "3": 0.00030648637420438636, "4": 7.383495275360246e-05, "5": 1.4229931786765054e-05, "6": 2.2854008738892616e-06}}}, {"home": "Colchester", "away": "Crawley Town", "xg_home": 1.4284125913109136, "xg_away": 1.394954091744604, "markets": {"1X2": {}, "OU": {"Over1.5": 0.7725730962943832}, "BTTS": {}}, "corners_cards": {"TotalCorners": 9.881783390694311, "HomeCorners": 4.999444069588198, "AwayCorners": 4.882339321106113, "EstimatedCards": 4.758693346444414}, "picks": [], "score_matrix": {"0": {"0": 0.05948341411079732, "1": 0.08496685769002416, "2": 0.06068386468427652, "3": 0.02889386546814275, "4": 0.010318090311584678, "5": 0.00294769802387014, "6": 0.0007017548287797343}, "1": {"0": 0.08297663190479541, "1": 0.11852486579738065, "2": 0.08465120534420739,