{
  "BTTS_ECE_before": 0.3127248284383268,
  "BTTS_ECE_after": 3.054644968752962e-05,
  "BTTS_method": "platt"
}