{
  "samples_train": 273,
  "samples_val": 26,
  "goals_MAE": 1.325410286099637,
  "goals_RMSE": 1.5933669238768828,
  "1X2_LogLoss": 1.0496628584996157,
  "1X2_Accuracy": 0.38461538461538464,
  "BTTS_LogLoss": 0.7589337350222074,
  "BTTS_Accuracy": 0.4230769230769231,
  "cv_metrics": {
    "TotalGoals_RF": {
      "MAE": 1.259302596712147,
      "RMSE": 1.558419897299731
    },
    "1X2_RF": {
      "Accuracy": 0.531043771043771,
      "LogLoss": 0.9423839819502486
    },
    "BTTS_RF": {
      "Accuracy": 0.619057239057239,
      "LogLoss": 0.6585676636525098
    }
  }
}