{"home": "Girona", "away": "Osasuna", "xg_home": 0.6921461516533296, "xg_away": 1.4400719283410899, "markets": {"1X2": {"Home": 0.17952666083794502, "Draw": 0.2698851161427247, "Away": 0.5505882230193301}, "OU": {"Under1.5": 0.37167499805266874, "Over1.5": 0.6283250019473311, "Under2.5": 0.6414145322875796, "Over2.5": 0.3585854677124204}, "BTTS": {"Yes": 0.3810725911525549, "No": 0.6189274088474452}}, "corners_cards": {"TotalCorners": 7.462763279980468, "HomeCorners": 2.422511530786654, "AwayCorners": 5.040251749193814, "EstimatedCards": 4.205774463995535}, "picks": [{"market": "1X2", "selection": "Away", "prob": 0.5505882230193301, "odds": 1.82}, {"market": "BTTS", "selection": "No", "prob": 0.6189274088474452, "odds": 1.62}], "score_matrix": {"0": {"0": 0.11866191579269951, "1": 0.08213138836372842, "2": 0.028423462192949847, "3": 0.00655772999117138, "4": 0.0011347268942427237, "5": 0.00015707937060552716, "6": 1.8120313644790464e-05}, "1": {"0": 0.17088169389624083, "1": 0.11827510681828533, "2": 0.04093183001033135, "3": 0.00944360287392637, "4": 0.0016340883467326152, "5": 0.00022620559213050621, "6": 2.6094555012598767e-05}, "2": {"0": 0.12304096522367568, "1": 0.08516233057527828, "2": 0.029472389686753777, "3": 0.006799733700571302, "4": 0.0011766023782794704, "5": 0.00016287616163045807, "6": 1.878901807809788e-05}, "3": {"0": 0.05906261335153588, "1": 0.040879960537854115, "2": 0.014147453683007854, "3": 0.0032640352074625365, "4": 0.0005647973519265432, "5": 7.81844627199896e-05, "6": 9.01917916512067e-06}, "4": {"0": 0.021263602875502618, "1": 0.014717520900563807, "2": 0.005093337726601344, "3": 0.0011751113688459461, "4": 0.0002033372029276995, "5": 2.8147812498871867e-05, "6": 3.247066683092276e-06}, "5": {"0": 0.0061242235192808395, "1": 0.004238857740735044, "2": 0.0014669545363278438, "3": 0.0003384489789899039, "4": 5.856403958471515e-05, "5": 8.106974924766768e-06, "6": 9.352019159545601e-07}, "6": {"0": 0.0014698870621671022, "1": 0.001017376673443978, "2": 0.0003520866746530579, "3": 8.123181230317731e-05, "4": 1.4056071569367444e-05, "5": 1.9457711688202905e-06, "6": 2.2445967108282755e-07}}}