{"home": "Lecce", "away": "Napoli", "xg_home": 0.5431738480299735, "xg_away": 2.474255590641481, "markets": {"1X2": {"Home": 0.06287217232677421, "Draw": 0.14228546006018822, "Away": 0.7948423676130374}, "OU": {"Under1.5": 0.19924697412738113, "Over1.5": 0.8007530258726183, "Under2.5": 0.4250281484634228, "Over2.5": 0.5749718515365766}, "BTTS": {"Yes": 0.38331615490117527, "No": 0.6166838450988247}}, "corners_cards": {"TotalCorners": 10.56100303535009, "HomeCorners": 1.901108468104907, "AwayCorners": 8.659894567245184, "EstimatedCards": 4.913943550937164}, "picks": [{"market": "1X2", "selection": "Away", "prob": 0.7948423676130374, "odds": 1.26}, {"market": "BTTS", "selection": "No", "prob": 0.6166838450988247, "odds": 1.62}], "score_matrix": {"0": {"0": 0.049595637501295156, "1": 0.026939053267078145, "2": 0.007316294612681632, "3": 0.0013246732993637488, "4": 0.00017988197334949213, "5": 1.9541436731093755e-05, "6": 1.769066230877077e-06}, "1": {"0": 0.12271228335900781, "1": 0.06665410315265675, "2": 0.018102382848207678, "3": 0.0032775803167242514, "4": 0.0004450739782156028, "5": 4.8350509081075516e-05, "6": 4.37712201196266e-06}, "2": {"0": 0.15181077657070335, "1": 0.08245964368232747, "2": 0.022394960983055153, "3": 0.004054785711215729, "4": 0.0005506133894245001, "5": 5.98157587021064e-05, "6": 5.41505930450925e-06}, "3": {"0": 0.12520622088322916, "1": 0.0680087447944344, "2": 0.01847028580484068, "3": 0.003344192071609569, "4": 0.0004541194190218746, "5": 4.933315845904951e-05, "6": 4.466080252612393e-06}, "4": {"0": 0.07744804800085547, "1": 0.04206775425503477, "2": 0.011425051978343261, "3": 0.0020685964823397235, "4": 0.00028090187783343367, "5": 3.051571078032634e-05, "6": 2.7625560083199334e-06}, "5": {"0": 0.03832525315007728, "1": 0.020817275230250336, "2": 0.005653699746157064, "3": 0.0010236472822420723, "4": 0.0001390046083302127, "5": 1.5100733600124186e-05, "6": 1.3670539296091614e-06}, "6": {"0": 0.015804411978221456, "1": 0.008584543270061553, "2": 0.002331449700789573, "3": 0.0004221275018220675, "4": 5.732215488099301e-05, "5": 6.2271790888158204e-06, "6": 5.637401380073122e-07}}}