{"suggestions": [{"home": "Arsenal", "away": "Aston Villa", "xg_home": 1.5044776119402985, "xg_away": 0.20149253731343283, "markets": {"1X2": {"Home": 0.7119906168912743}, "OU": {"Under2.5": 0.7563588163002872}, "BTTS": {"No": 0.8580850758928927}}, "corners_cards": {"TotalCorners": 5.9708955223880595, "HomeCorners": 5.2656716417910445, "AwayCorners": 1.0, "EstimatedCards": 3.8647761194029853}, "picks": [{"market": "1X2", "selection": "Home", "prob": 0.7119906168912743, "odds": 1.4}, {"market": "BTTS", "selection": "No", "prob": 0.8580850758928927, "odds": 1.17}, {"market": "Over/Under 2.5", "selection": "Under2.5", "prob": 0.7563588163002872, "odds": 1.32}], "score_matrix": {"0": {"0": 0.18176733318925206, "1": 0.2734648833653225, "2": 0.20571089733749637, "3": 0.10316247985880415, "4": 0.0388014103349532, "5": 0.0116751706321292, "6": 0.002927505471936874}, "1": {"0": 0.03662476116499855, "1": 0.05510113321540081, "2": 0.04144921065755524, "3": 0.020786469822296358, "4": 0.007818194619729376, "5": 0.0023524597542349886, "6": 0.0005898705055395195}, "2": {"0": 0.003689808027817019, "1": 0.005551233570208291, "2": 0.004175853312514894, "3": 0.0020941592731417978, "4": 0.0007876539355697506, "5": 0.00023700154240427124, "6": 5.942725242375756e-05}, "3": {"0": 0.0002478229272414416, "1": 0.0003728440457602583, "2": 0.00028046775979577644, "3": 0.00014065248849459832, "4": 5.290213000095339e-05, "5": 1.5918014042077918e-05, "6": 3.991382625476253e-06}, "4": {"0": 1.2483617603580078e-05, "1": 1.878132320061003e-05, "2": 1.412804013896635e-05, "3": 7.085106696556259e-06, "4": 2.6648461007942944e-06, "5": 8.018402595822833e-07, "6": 2.010584531489904e-07}, "5": {"0": 5.030711571591972e-07, "1": 7.568592931589116e-07, "2": 5.693389309732708e-07, "3": 2.855192250851029e-07, "4": 1.0738932047977005e-07, "5": 3.231296568465917e-08, "6": 8.102355574660807e-09}, "6": {"0": 1.6894180650868557e-08, "1": 2.541691656130673e-08, "2": 1.911959096552029e-08, "3": 9.588332185693755e-09, "4": 3.606357777305711e-09, "5": 1.0851369073206438e-09, "6": 2.7209403049234054e-10}}}, {"home": "Bournemouth", "away": "Brentford", "xg_home": 2.2734328358208953, "xg_away": 1.4626865671641789, "markets": {"1X2": {}, "OU": {"Over1.5": 0.8859632419487988, "Over2.5": 0.717915098616575}, "BTTS": {"Yes": 0.6884042064014794}}, "corners_cards": {"TotalCorners": 13.07641791044776, "HomeCorners": 7.957014925373133, "AwayCorners": 5.119402985074626, "EstimatedCards": 5.488895522388059}, "picks": [{"market": "BTTS", "selection": "Yes", "prob": 0.6884042064014794, "odds": 1.45}, {"market": "Over/Under 2.5", "selection": "Over2.5", "prob": 0.717915098616575, "odds": 1.39}], "score_matrix": {"0": {"0": 0.024078100307041717, "1": 0.05473994386221782, "2": 0.06222379290367923, "3": 0.047153871318847865, "4": 0.02680028984808547, "5": 0.01218573179003098, "6": 0.004617240463327161}, "1": {"0": 0.03521871388194161, "1": 0.08006738057458725, "2": 0.09101390603821735, "3": 0.06897133416786702, "4": 0.03920042395690113, "5": 0.017823906200343815, "6": 0.0067535756030755465}, "2": {"0": 0.025756969853957288, "1": 0.05855674101723544, "2": 0.06656240889362165, "3": 0.05044172200336542, "4": 0.028668966774450074, "5": 0.01303539408681861, "6": 0.004939182157473161}, "3": {"0": 0.012558124605412013, "1": 0.028550052834273993, "2": 0.032453313788929954, "3": 0.0245934763996508, "4": 0.013977904198488097, "5": 0.0063555652761603165, "6": 0.00240815846483766}, "4": {"0": 0.004592150042277527, "1": 0.01043994469313004, "2": 0.011867256534757965, "3": 0.008993136892409619, "4": 0.005111323177059078, "5": 0.0023240499890436975, "6": 0.000880595259530189}, "5": {"0": 0.0013433752362483507, "1": 0.0030540733729156532, "2": 0.00347161534449636, "3": 0.002630828105839232, "4": 0.00149525275030385, "5": 0.0006798713400784547, "6": 0.0002576069714446523}, "6": {"0": 0.000327489485453578, "1": 0.0007445253496162536, "2": 0.0008463141884593116, "3": 0.0006413461551548375, "4": 0.00036451435206412257, "5": 0.00016573977942211084, "6": 6.279970945665651e-05}}}, {"home": "Brighton", "away": "Burnley", "xg_home": 2.6997014925373133, "xg_away": 1.3432835820895521, "markets": {"1X2": {"Home": 0.6548440560266121}, "OU": {"Over1.5": 0.9096193202096439, "Over2.5": 0.7631447605198185}, "BTTS": {"Yes": 0.688170410529768}}, "corners_cards": {"TotalCorners": 14.150447761194028, "HomeCorners": 9.448955223880596, "AwayCorners": 4.701492537313433, "EstimatedCards": 5.734388059701493}, "picks": [{"market": "1X2", "selection": "Home", "prob": 0.6548440560266121, "odds": 1.53}, {"market": "BTTS", "selection": "Yes", "prob": 0.688170410529768, "odds": 1.45}, {"market": "Over/Under 2.5", "selection": "Over2.5", "prob": 0.7631447605198185, "odds": 1.31}], "score_matrix": {"0": {"0": 0.017922059742967494, "1": 0.04838421143743224, "2": 0.06531146391643837, "3": 0.05877381887166853, "4": 0.0396679416324903, "5": 0.02141832024622342, "6": 0.009637178522728586}, "1": {"0": 0.024074408609956327, "1": 0.06499371685625224, "2": 0.08773181720118586, "3": 0.07894990594701741, "4": 0.05328529473021085, "5": 0.02877087794268817, "6": 0.012945463687247352}, "2": {"0": 0.016169378917134845, "1": 0.04365249639599031, "2": 0.058924354836617364, "3": 0.05302605623307139, "4": 0.03578863078894758, "5": 0.019323723991357726, "6": 0.008694714416807922}, "3": {"0": 0.007240020410657394, "1": 0.01954589390865238, "2": 0.026384039479082404, "3": 0.02374301025361406, "4": 0.016024760054752653, "5": 0.008652413727473609, "6": 0.003893155709018473}, "4": {"0": 0.002431350137907333, "1": 0.00656391959618923, "2": 0.008860311765363492, "3": 0.007973398965765913, "4": 0.005381449272118426, "5": 0.00290566132639039, "6": 0.001307403036610681}, "5": {"0": 0.0006531985445124178, "1": 0.0017634410855433753, "2": 0.0023803822653215346, "3": 0.002142107184832633, "4": 0.0014457624910168903, "5": 0.0007806254309705525, "6": 0.00035124260685063066}, "6": {"0": 0.0001462384801147204, "1": 0.00039480024303209884, "2": 0.0005329214026839256, "3": 0.00047957623541029093, "4": 0.000323678169630647, "5": 0.00017476688753072068, "6": 7.86364045187979e-05}}}, {"home": "Chelsea", "away": "Crystal Palace", "xg_home": 1.3540298507462687, "xg_away": 1.1492537313432836, "markets": {"1X2": {}, "OU": {"Over1.5": 0.7131731321956607}, "BTTS": {}}, "corners_cards": {"TotalCorners": 8.761492537313433, "HomeCorners": 4.739104477611941, "AwayCorners": 4.022388059701492, "EstimatedCards": 4.502626865671642}, "picks": [], "score_matrix": {"0": {"0": 0.08187372249016162, "1": 0.11085946424339496, "2": 0.07505351191164769, "3": 0.033874898510570545, "4": 0.011466905943578205, "5": 0.0031053065886609403, "6": 0.0007007796361276629}, "1": {"0": 0.09409368107078275, "1": 0.127405652936439, "2": 0.0862555286148787, "3": 0.03893085351214824, "4": 0.01317838444261973, "5": 0.003568785183983469, "6": 0.0008053736116691052}, "2": {"0": 0.054068757033210985, "1": 0.07321071101571494, "2": 0.04956474405481836, "3": 0.02237071433160757, "4": 0.007572653746878501, "5": 0.0020507198445278143, "6": 0.00046278931416806793}, "3": {"0": 0.02071290692317038, "1": 0.028045894269701745, "2": 0.01898748901602494, "3": 0.008569875639471557, "4": 0.0029009668582569387, "5": 0.0007855991444211031, "6": 0.0001772874487111504}, "4": {"0": 0.005951096392104921, "1": 0.008057962159578486, "2": 0.005455360650126568, "3": 0.0024622403889526484, "4": 0.0008334867465887471, "5": 0.0002257131870165109, "6": 5.093706548790514e-05}, "5": {"0": 0.0013678639468420266, "1": 0.0018521286157837113, "2": 0.001253918716596256, "3": 0.0005659477908935937, "4": 0.00019157755070845826, "5": 5.18803444784219e-05, "6": 1.1707922515130434e-05}, "6": {"0": 0.000262003790813025, "1": 0.0003547609537695169, "2": 0.00024017846064157143, "3": 0.00010840293507165851, "4": 3.6695202498883804e-05, "5": 9.937279912533549e-06, "6": 2.242562272798616e-06}}}, {"home": "Everton", "away": "Fulham", "xg_home": 1.1701492537313434, "xg_away": 1.164179104477612,